dimension,basis_type,ratio,sigma,eta,tv_mean,tv_std,ess_mean,ess_std,acceptance_mean,num_chains
2,identity,0.5,0.6910697661498298,1.3821395322996597,0.7142818630442659,0.0025000000000000577,135.95839147419036,9.748005728209804,0.6558333333333333,2
2,identity,1.0,1.3821395322996597,1.3821395322996597,0.6807176280272439,0.017255111878754392,148.8536792075784,11.97223481319719,0.6775,2
2,identity,2.0,2.7642790645993194,1.3821395322996597,0.5773738952069555,0.01774529018651194,113.89598682572355,7.172449040973582,0.6654166666666667,2
2,skewed,0.5,0.6910697661498298,1.3821395322996597,0.9467431199857933,0.0,144.20189979772562,3.925169692645838,0.6429166666666666,2
2,skewed,1.0,1.3821395322996597,1.3821395322996597,0.9828897900003923,7.850462293418876e-17,153.50335627600094,0.8193402087079136,0.6625000000000001,2
2,skewed,2.0,2.7642790645993194,1.3821395322996597,0.9924999999999985,0.007500000000000062,113.02573529379578,15.717504591042136,0.6683333333333333,2
2,ill-conditioned,0.5,0.6910697661498298,1.3821395322996597,0.6198021846422386,0.031671446898993094,143.78957999815998,39.37409631502716,0.6545833333333333,2
2,ill-conditioned,1.0,1.3821395322996597,1.3821395322996597,0.5430709513706822,0.011809642070366055,116.95955693995792,8.628104140065105,0.6670833333333333,2
2,ill-conditioned,2.0,2.7642790645993194,1.3821395322996597,0.7742233156488848,0.012821714836502518,135.9527003334503,6.937679085030183,0.6704166666666667,2
